roll, pitch,
-0.356831, -1.170278, 
-0.357639, -1.168473, 
-0.356893, -1.169857, 
-0.357456, -1.169634, 
-0.357570, -1.169880, 
-0.354707, -1.172954, 
-0.357009, -1.170672, 
-0.356458, -1.170601, 
-0.356368, -1.171168, 
-0.357679, -1.170321, 
-0.355577, -1.172794, 
-0.356328, -1.171317, 
-0.355905, -1.171146, 
-0.358185, -1.169482, 
-0.357582, -1.170028, 
-0.355882, -1.171811, 
-0.355318, -1.172779, 
-0.356546, -1.170898, 
-0.357461, -1.170250, 
-0.356565, -1.171021, 
-0.354597, -1.173715, 
-0.357169, -1.170252, 
-0.356568, -1.171462, 
-0.355576, -1.172629, 
-0.356224, -1.171711, 
-0.357361, -1.170496, 
-0.358053, -1.170632, 
-0.356285, -1.172909, 
-0.359055, -1.169396, 
-0.354741, -1.173000, 
-0.356505, -1.171388, 
-0.358724, -1.169302, 
-0.356931, -1.170451, 
-0.357679, -1.170737, 
-0.354829, -1.173810, 
-0.354723, -1.173228, 
-0.356262, -1.172276, 
-0.356884, -1.171115, 
-0.355029, -1.173048, 
-0.355550, -1.172625, 
-0.355518, -1.172751, 
-0.355591, -1.172482, 
-0.357668, -1.170395, 
-0.353450, -1.174392, 
-0.355494, -1.173657, 
-0.359003, -1.168981, 
-0.354710, -1.172662, 
-0.357102, -1.170794, 
-0.355719, -1.171097, 
-0.355203, -1.173515, 
-0.355416, -1.172751, 
-0.355736, -1.172675, 
-0.356699, -1.172366, 
-0.356743, -1.171190, 
-0.357489, -1.172198, 
-0.357503, -1.171081, 
-0.356211, -1.172276, 
-0.357532, -1.171178, 
-0.356053, -1.172497, 
-0.355749, -1.173162, 
-0.355226, -1.173659, 
-0.354627, -1.173911, 
-0.355841, -1.171713, 
-0.357001, -1.172335, 
-0.355283, -1.172802, 
-0.355190, -1.173762, 
-0.354856, -1.174394, 
-0.357681, -1.170663, 
-0.355289, -1.174387, 
-0.355190, -1.173761, 
-0.353726, -1.174682, 
-0.356659, -1.172776, 
-0.354666, -1.174328, 
-0.356684, -1.173668, 
-0.353153, -1.176498, 
-0.354710, -1.174691, 
-0.354280, -1.173820, 
-0.353755, -1.175988, 
-0.356968, -1.171726, 
-0.353720, -1.175152, 
-0.354451, -1.174675, 
-0.353661, -1.175523, 
-0.354883, -1.174497, 
-0.355748, -1.173893, 
-0.355967, -1.174150, 
-0.354344, -1.174551, 
-0.354167, -1.175488, 
-0.353958, -1.174776, 
-0.356654, -1.172732, 
-0.355442, -1.173894, 
-0.356294, -1.172974, 
-0.354409, -1.173921, 
-0.355317, -1.174651, 
-0.355765, -1.172773, 
-0.353986, -1.174873, 
-0.355944, -1.173183, 
-0.354851, -1.174380, 
-0.355562, -1.174255, 
-0.354655, -1.174251, 
-0.355292, -1.174409, 
-0.356444, -1.172539, 
-0.354650, -1.174960, 
-0.355700, -1.174157, 
-0.355725, -1.174154, 
-0.355695, -1.173311, 
-0.357312, -1.171814, 
-0.353614, -1.175861, 
-0.355332, -1.174988, 
-0.353307, -1.175626, 
-0.356986, -1.172817, 
-0.354461, -1.175238, 
-0.357252, -1.172472, 
-0.355161, -1.174625, 
-0.356830, -1.172238, 
-0.354114, -1.175874, 
-0.355045, -1.175121, 
-0.354343, -1.175282, 
-0.354084, -1.175196, 
-0.355261, -1.173387, 
-0.354285, -1.175753, 
-0.356058, -1.174076, 
-0.354844, -1.175456, 
-0.355838, -1.173402, 
-0.357982, -1.171801, 
-0.355113, -1.173586, 
-0.355746, -1.173716, 
-0.354606, -1.174354, 
-0.355902, -1.174636, 
-0.355645, -1.173967, 
-0.356587, -1.172635, 
-0.354870, -1.174739, 
-0.353483, -1.176252, 
-0.353572, -1.175490, 
-0.353946, -1.175365, 
-0.355527, -1.174109, 
-0.357081, -1.171891, 
-0.354136, -1.175606, 
-0.355158, -1.176170, 
-0.354869, -1.174392, 
-0.356294, -1.172977, 
-0.355635, -1.173337, 
-0.355766, -1.173355, 
-0.356126, -1.174840, 
-0.353871, -1.176495, 
-0.355628, -1.173699, 
-0.352548, -1.176633, 
-0.355167, -1.174096, 
-0.355375, -1.174289, 
-0.354594, -1.175076, 
-0.355808, -1.175425, 
-0.355586, -1.173926, 
-0.356451, -1.173969, 
-0.354954, -1.175023, 
-0.354435, -1.175370, 
-0.353646, -1.176287, 
-0.353387, -1.177197, 
-0.353973, -1.176081, 
-0.356757, -1.172917, 
-0.354011, -1.175669, 
-0.354819, -1.175970, 
-0.353090, -1.176360, 
-0.355176, -1.174486, 
-0.354927, -1.174860, 
-0.352964, -1.176875, 
-0.354263, -1.175844, 
-0.355414, -1.175685, 
-0.353309, -1.175376, 
-0.355243, -1.175160, 
-0.354979, -1.175671, 
-0.356131, -1.174790, 
-0.353231, -1.177688, 
-0.353219, -1.176595, 
-0.355210, -1.175694, 
-0.354720, -1.175895, 
-0.353619, -1.176703, 
-0.355596, -1.174475, 
-0.355731, -1.174928, 
-0.354798, -1.174764, 
-0.353650, -1.176415, 
-0.355762, -1.174227, 
-0.357137, -1.173884, 
-0.355486, -1.174673, 
-0.354560, -1.176774, 
-0.353553, -1.176303, 
-0.354091, -1.175209, 
-0.356134, -1.174480, 
-0.355129, -1.176147, 
-0.355496, -1.175392, 
-0.354276, -1.176656, 
-0.354478, -1.176078, 
-0.355646, -1.174550, 
-0.356307, -1.174203, 
-0.354143, -1.175377, 
-0.356009, -1.175151, 
-0.355600, -1.175315, 
-0.354225, -1.175950, 
-0.354904, -1.175539, 
-0.357247, -1.173172, 
-0.354010, -1.176258, 
-0.355403, -1.175197, 
-0.353723, -1.177136, 
-0.355190, -1.176057, 
-0.355297, -1.175015, 
-0.354802, -1.175607, 
-0.354781, -1.175737, 
-0.355843, -1.174006, 
-0.352471, -1.178148, 
-0.354176, -1.176696, 
-0.353680, -1.176538, 
-0.355383, -1.174093, 
-0.353037, -1.177433, 
-0.353821, -1.176940, 
-0.354134, -1.175986, 
-0.353305, -1.177892, 
-0.353705, -1.176778, 
-0.355172, -1.175521, 
-0.355791, -1.175232, 
-0.352752, -1.177213, 
-0.353849, -1.177266, 
-0.355811, -1.175850, 
-0.356914, -1.173421, 
-0.354665, -1.175639, 
-0.355767, -1.174997, 
-0.355008, -1.176037, 
-0.354758, -1.176065, 
-0.354853, -1.175781, 
-0.354703, -1.175230, 
-0.354219, -1.176542, 
-0.354803, -1.176749, 
-0.354996, -1.176431, 
-0.355049, -1.174907, 
-0.352050, -1.179117, 
-0.355221, -1.175186, 
-0.353494, -1.176839, 
-0.353199, -1.177841, 
-0.353129, -1.177760, 
-0.354367, -1.177088, 
-0.354788, -1.176424, 
-0.353089, -1.177733, 
-0.357236, -1.174249, 
-0.355551, -1.175410, 
-0.353325, -1.178379, 
-0.353151, -1.177632, 
-0.353996, -1.177709, 
-0.354185, -1.177011, 
-0.353874, -1.177943, 
-0.354283, -1.176708, 
-0.352465, -1.178841, 
-0.352893, -1.178597, 
-0.354629, -1.175799, 
-0.353319, -1.177415, 
-0.354175, -1.176357, 
-0.351712, -1.179215, 
-0.353148, -1.179681, 
-0.353558, -1.177950, 
-0.353999, -1.176695, 
-0.353142, -1.177588, 
-0.353877, -1.177504, 
-0.352335, -1.179023, 
-0.356098, -1.175398, 
-0.354238, -1.177503, 
-0.354335, -1.177143, 
-0.353319, -1.177110, 
-0.353299, -1.178617, 
-0.354723, -1.176330, 
-0.355112, -1.176126, 
-0.342873, -1.186827, 
-0.359754, -1.171675, 
-0.349439, -1.183271, 
-0.352555, -1.178968, 
-0.350741, -1.180622, 
-0.352308, -1.179664, 
-0.353629, -1.178434, 
-0.352172, -1.179462, 
-0.350537, -1.181372, 
-0.351913, -1.180258, 
-0.350967, -1.180687, 
-0.352589, -1.179880, 
-0.350698, -1.182633, 
-0.352796, -1.177711, 
-0.351755, -1.180746, 
-0.350526, -1.181397, 
-0.351525, -1.179487, 
-0.352485, -1.179424, 
-0.350732, -1.181014, 
-0.351783, -1.180070, 
-0.351106, -1.181778, 
-0.349839, -1.182573, 
-0.352552, -1.178608, 
-0.352329, -1.179878, 
-0.350411, -1.181610, 
-0.352512, -1.178782, 
-0.351625, -1.179824, 
-0.352414, -1.179881, 
-0.352095, -1.180069, 
-0.352708, -1.179530, 
-0.351290, -1.180755, 
-0.353491, -1.178098, 
-0.351884, -1.179969, 
-0.350156, -1.182188, 
-0.352382, -1.179233, 
-0.350446, -1.182314, 
-0.354234, -1.178003, 
-0.350509, -1.181410, 
-0.351385, -1.181333, 
-0.351354, -1.180251, 
-0.351967, -1.179476, 
-0.350966, -1.181120, 
-0.350754, -1.181491, 
-0.352031, -1.180308, 
-0.350720, -1.180647, 
-0.351397, -1.180836, 
-0.353753, -1.177832, 
-0.349880, -1.181997, 
-0.353117, -1.178834, 
-0.351416, -1.181679, 
-0.351523, -1.181000, 
-0.349930, -1.181798, 
-0.353218, -1.178998, 
-0.352108, -1.179634, 
-0.350261, -1.182309, 
-0.352165, -1.179680, 
-0.350120, -1.182082, 
-0.352107, -1.179837, 
-0.352478, -1.180011, 
-0.352543, -1.179637, 
-0.351722, -1.180500, 
-0.351433, -1.180640, 
-0.349770, -1.181950, 
-0.350741, -1.180891, 
-0.353921, -1.178082, 
-0.349920, -1.182554, 
-0.354273, -1.178310, 
-0.350975, -1.181034, 
-0.351841, -1.181307, 
-0.352868, -1.178969, 
-0.351201, -1.181095, 
-0.351168, -1.181316, 
-0.349843, -1.182027, 
-0.351174, -1.181034, 
-0.351146, -1.181505, 
-0.350883, -1.181144, 
-0.351156, -1.181147, 
-0.350044, -1.182621, 
-0.351384, -1.180838, 
-0.352401, -1.179750, 
-0.350918, -1.181984, 
-0.353101, -1.178775, 
-0.349543, -1.181756, 
-0.350093, -1.182850, 
-0.352824, -1.179520, 
-0.351723, -1.179896, 
-0.350751, -1.181498, 
-0.351728, -1.181049, 
-0.352099, -1.181281, 
-0.350663, -1.182297, 
-0.352273, -1.180261, 
-0.353795, -1.178587, 
-0.358140, -1.177102, 
-0.349164, -1.183399, 
-0.347927, -1.184804, 
-0.349622, -1.181126, 
-0.349969, -1.182060, 
-0.356063, -1.176574, 
-0.354811, -1.180001, 
-0.352946, -1.179301, 
-0.352089, -1.183088, 
-0.350367, -1.181530, 
-0.348049, -1.182871, 
-0.348411, -1.183817, 
-0.349740, -1.183497, 
-0.350436, -1.182467, 
-0.351792, -1.181044, 
-0.350886, -1.182492, 
-0.351870, -1.181296, 
-0.349432, -1.184338, 
-0.349906, -1.182889, 
-0.352792, -1.179435, 
-0.349290, -1.182406, 
-0.351775, -1.181349, 
-0.351497, -1.181398, 
-0.350649, -1.182793, 
-0.351736, -1.180795, 
-0.350972, -1.181172, 
-0.351232, -1.181675, 
-0.350567, -1.183208, 
-0.350484, -1.182609, 
-0.351598, -1.181098, 
-0.350469, -1.182281, 
-0.349639, -1.183204, 
-0.349647, -1.184000, 
-0.350324, -1.183976, 
-0.352534, -1.179792, 
-0.351858, -1.181032, 
-0.350501, -1.183347, 
-0.349318, -1.183297, 
-0.352635, -1.179424, 
-0.349040, -1.182699, 
-0.350868, -1.182346, 
-0.352546, -1.180686, 
-0.349845, -1.183284, 
-0.351117, -1.181914, 
-0.351022, -1.182232, 
-0.350290, -1.182498, 
-0.351772, -1.180930, 
-0.350779, -1.182482, 
-0.353209, -1.180276, 
-0.354290, -1.178930, 
-0.352695, -1.180060, 
-0.349604, -1.183267, 
-0.350776, -1.183630, 
-0.351512, -1.181622, 
-0.350257, -1.182647, 
-0.350157, -1.182523, 
-0.351708, -1.181299, 
-0.350609, -1.182306, 
-0.349640, -1.182937, 
-0.350016, -1.182958, 
-0.350416, -1.182126, 
-0.351617, -1.181739, 
-0.349781, -1.183650, 
-0.350356, -1.183276, 
-0.350055, -1.183451, 
-0.349851, -1.183629, 
-0.349887, -1.182808, 
-0.352444, -1.180596, 
-0.350939, -1.181628, 
-0.349437, -1.183704, 
-0.350608, -1.182935, 
-0.351277, -1.182180, 
-0.349083, -1.184051, 
-0.351843, -1.181564, 
-0.350798, -1.182368, 
-0.349682, -1.182989, 
-0.348155, -1.185059, 
-0.350446, -1.181747, 
-0.350489, -1.182434, 
-0.349836, -1.182512, 
-0.350926, -1.182746, 
-0.349504, -1.183296, 
-0.349978, -1.183063, 
-0.351484, -1.180436, 
-0.348930, -1.184494, 
-0.352260, -1.181120, 
-0.349509, -1.183752, 
-0.349825, -1.182908, 
-0.350910, -1.182134, 
-0.350340, -1.182166, 
-0.350744, -1.183162, 
-0.348186, -1.185285, 
-0.349997, -1.183766, 
-0.349831, -1.183452, 
-0.350095, -1.183864, 
-0.350146, -1.182980, 
-0.350507, -1.182580, 
-0.350856, -1.182705, 
-0.351166, -1.182277, 
-0.352281, -1.181616, 
-0.348770, -1.184199, 
-0.351088, -1.182155, 
-0.351342, -1.181973, 
-0.349038, -1.184663, 
-0.349522, -1.183906, 
-0.350143, -1.182689, 
-0.350114, -1.182239, 
-0.349644, -1.183250, 
-0.352513, -1.181133, 
-0.349343, -1.184253, 
-0.350030, -1.183680, 
-0.350753, -1.183040, 
-0.350635, -1.182796, 
-0.350973, -1.182655, 
-0.350189, -1.183289, 
-0.350242, -1.183051, 
-0.351870, -1.180968, 
-0.351646, -1.182346, 
-0.350026, -1.183034, 
-0.350038, -1.182870, 
-0.350079, -1.183939, 
-0.352028, -1.180712, 
-0.352474, -1.181012, 
-0.349176, -1.184267, 
-0.351491, -1.181413, 
-0.350040, -1.182265, 
-0.350318, -1.183862, 
-0.350363, -1.183189, 
-0.348766, -1.184043, 
-0.351229, -1.181617, 
-0.348819, -1.185564, 
-0.352139, -1.181760, 
-0.350322, -1.183916, 
-0.352534, -1.180985, 
-0.350605, -1.182611, 
-0.350702, -1.181995, 
-0.349243, -1.183860, 
-0.349069, -1.184126, 
-0.349823, -1.183995, 
-0.349538, -1.183767, 
-0.352373, -1.181767, 
-0.350229, -1.183085, 
-0.350519, -1.183268, 
-0.350147, -1.183598, 
-0.350551, -1.183409, 
-0.350975, -1.183333, 
-0.351453, -1.182010, 
-0.349964, -1.183560, 
-0.352221, -1.180464, 
-0.349112, -1.185478, 
-0.350116, -1.184103, 
-0.349446, -1.183623, 
-0.351003, -1.182348, 
-0.351031, -1.182042, 
-0.351454, -1.183074, 
-0.348610, -1.185176, 
-0.351486, -1.181987, 
-0.350436, -1.183324, 
-0.349871, -1.183011, 
-0.350712, -1.183539, 
-0.349812, -1.183733, 
-0.349168, -1.184942, 
-0.349675, -1.183665, 
-0.351623, -1.181724, 
-0.351792, -1.181894, 
-0.350696, -1.182995, 
-0.349578, -1.183203, 
-0.350264, -1.183712, 
-0.350436, -1.182834, 
-0.353004, -1.180197, 
-0.351049, -1.183235, 
-0.351584, -1.181562, 
-0.352591, -1.180824, 
-0.350598, -1.182567, 
-0.351969, -1.183014, 
-0.351150, -1.182450, 
-0.350729, -1.182679, 
-0.350338, -1.182763, 
-0.350267, -1.183671, 
-0.351044, -1.183085, 
-0.351763, -1.182035, 
-0.350270, -1.183663, 
-0.351049, -1.182519, 
-0.351709, -1.182247, 
-0.349161, -1.184145, 
-0.348840, -1.185252, 
-0.349889, -1.184470, 
-0.352194, -1.180699, 
-0.350715, -1.182946, 
-0.350180, -1.183049, 
-0.349157, -1.184323, 
-0.350003, -1.184721, 
-0.351111, -1.184197, 
-0.348553, -1.184894, 
-0.351501, -1.182371, 
-0.350459, -1.183067, 
-0.351322, -1.182840, 
-0.349044, -1.185716, 
-0.349886, -1.184056, 
-0.349397, -1.184110, 
-0.351775, -1.182101, 
-0.349953, -1.184850, 
-0.351579, -1.182002, 
-0.349927, -1.184243, 
-0.350523, -1.183159, 
-0.349622, -1.183445, 
-0.349798, -1.185382, 
-0.350146, -1.183698, 
-0.350130, -1.184128, 
-0.348647, -1.185440, 
-0.350210, -1.184177, 
-0.349646, -1.184361, 
-0.350575, -1.183413, 
-0.349744, -1.183813, 
-0.350706, -1.182740, 
-0.350298, -1.183100, 
-0.349054, -1.184916, 
-0.351086, -1.183172, 
-0.350105, -1.184871, 
-0.350797, -1.182761, 
-0.350002, -1.183978, 
-0.348481, -1.185738, 
-0.348753, -1.184893, 
-0.352325, -1.181986, 
-0.351640, -1.181841, 
-0.351470, -1.182680, 
-0.349453, -1.185740, 
-0.348657, -1.185536, 
-0.350432, -1.183300, 
-0.348457, -1.185023, 
-0.350568, -1.183007, 
-0.351156, -1.182498, 
-0.350340, -1.183674, 
-0.350476, -1.183380, 
-0.351563, -1.183016, 
-0.350727, -1.183532, 
-0.349701, -1.184964, 
-0.350799, -1.182430, 
-0.349823, -1.184708, 
-0.351092, -1.182571, 
-0.349771, -1.184422, 
-0.351265, -1.183245, 
-0.352795, -1.181201, 
-0.349672, -1.184520, 
-0.348554, -1.186351, 
-0.347584, -1.186311, 
-0.350508, -1.183167, 
-0.352009, -1.181710, 
-0.351252, -1.183445, 
-0.349905, -1.183615, 
-0.348171, -1.186105, 
-0.348804, -1.184894, 
-0.349549, -1.184452, 
-0.352929, -1.180562, 
-0.350933, -1.182826, 
-0.348690, -1.185749, 
-0.350093, -1.184453, 
-0.348076, -1.185575, 
-0.348733, -1.185337, 
-0.349254, -1.184028, 
-0.349490, -1.184550, 
-0.348356, -1.185815, 
-0.350012, -1.184147, 
-0.350379, -1.183734, 
-0.350455, -1.184244, 
-0.350591, -1.183402, 
-0.349376, -1.186512, 
-0.348359, -1.185640, 
-0.349282, -1.185224, 
-0.349957, -1.183348, 
-0.349624, -1.184129, 
-0.351113, -1.183230, 
-0.350541, -1.183922, 
-0.349048, -1.185289, 
-0.350224, -1.184075, 
-0.349763, -1.184673, 
-0.349931, -1.183907, 
-0.349638, -1.184742, 
-0.350351, -1.184419, 
-0.349118, -1.185331, 
-0.349914, -1.185336, 
-0.350445, -1.183885, 
-0.350959, -1.182954, 
-0.347697, -1.186505, 
-0.347216, -1.187384, 
-0.350622, -1.184862, 
-0.350027, -1.184108, 
-0.351294, -1.182690, 
-0.348519, -1.186417, 
-0.351404, -1.183877, 
-0.349605, -1.184112, 
-0.349347, -1.184895, 
-0.351170, -1.182561, 
-0.350017, -1.184198, 
-0.350524, -1.184481, 
-0.350543, -1.185414, 
-0.349499, -1.184947, 
-0.349215, -1.185687, 
-0.349513, -1.184876, 
-0.351278, -1.183634, 
-0.347717, -1.187135, 
-0.350578, -1.184181, 
-0.349111, -1.186150, 
-0.351076, -1.183615, 
-0.352019, -1.182562, 
-0.350073, -1.185080, 
-0.348715, -1.185583, 
-0.350463, -1.184958, 
-0.350715, -1.183852, 
-0.350259, -1.184564, 
-0.349301, -1.184490, 
-0.349951, -1.184208, 
-0.349430, -1.186466, 
-0.348600, -1.185176, 
-0.348834, -1.185077, 
-0.351000, -1.183137, 
-0.350428, -1.184444, 
-0.349896, -1.185064, 
-0.350059, -1.184991, 
-0.349850, -1.183958, 
-0.351299, -1.183420, 
-0.350013, -1.184048, 
-0.350996, -1.183662, 
-0.348854, -1.184989, 
-0.349883, -1.185893, 
-0.351406, -1.183042, 
-0.350285, -1.184528, 
-0.350722, -1.184219, 
-0.349871, -1.185606, 
-0.350867, -1.184227, 
-0.349575, -1.185324, 
-0.349969, -1.184808, 
-0.350562, -1.183283, 
-0.347875, -1.186688, 
-0.352483, -1.181988, 
-0.348023, -1.186685, 
-0.349106, -1.185684, 
-0.350050, -1.184048, 
-0.352503, -1.182446, 
-0.350172, -1.183497, 
-0.349966, -1.185073, 
-0.349832, -1.184783, 
-0.348919, -1.186237, 
-0.349848, -1.184674, 
-0.348766, -1.186116, 
-0.349524, -1.186000, 
-0.349254, -1.185877, 
-0.349591, -1.185028, 
-0.351086, -1.183716, 
-0.347627, -1.187337, 
-0.351645, -1.183667, 
-0.349272, -1.185733, 
-0.349533, -1.185274, 
-0.351208, -1.184264, 
-0.348314, -1.187007, 
-0.350877, -1.183817, 
-0.350576, -1.183959, 
-0.351398, -1.182997, 
-0.349500, -1.185070, 
-0.348705, -1.185931, 
-0.349996, -1.184995, 
-0.350496, -1.183879, 
-0.351199, -1.184446, 
-0.350866, -1.184418, 
-0.350632, -1.184392, 
-0.347177, -1.188257, 
-0.349177, -1.186236, 
-0.348523, -1.185305, 
-0.350193, -1.184768, 
-0.350596, -1.183649, 
-0.349622, -1.186379, 
-0.349368, -1.185128, 
-0.349967, -1.184462, 
-0.349569, -1.185628, 
-0.348612, -1.186014, 
-0.349873, -1.184932, 
-0.349304, -1.185069, 
-0.349579, -1.185152, 
-0.349021, -1.185035, 
-0.349538, -1.185679, 
-0.353062, -1.182244, 
-0.349502, -1.184223, 
-0.349647, -1.185966, 
-0.350494, -1.184078, 
-0.349813, -1.184412, 
-0.350887, -1.183497, 
-0.350705, -1.184009, 
-0.350025, -1.185620, 
-0.349909, -1.184740, 
-0.349375, -1.186005, 
-0.351128, -1.183418, 
-0.349954, -1.184913, 
-0.350615, -1.184402, 
-0.350580, -1.184811, 
-0.350411, -1.183521, 
-0.350938, -1.184838, 
-0.350219, -1.184732, 
-0.351384, -1.184688, 
-0.350712, -1.184501, 
-0.348650, -1.186078, 
-0.349658, -1.185555, 
-0.348669, -1.185861, 
-0.350505, -1.185451, 
-0.350516, -1.184882, 
-0.348067, -1.186569, 
-0.349065, -1.187377, 
-0.350028, -1.184236, 
-0.350126, -1.185293, 
-0.348775, -1.186259, 
-0.349593, -1.184663, 
-0.348818, -1.186659, 
-0.350010, -1.184925, 
-0.348953, -1.185924, 
-0.351060, -1.183208, 
-0.349351, -1.185429, 
-0.349618, -1.185148, 
-0.349749, -1.185701, 
-0.350625, -1.183962, 
-0.350471, -1.184905, 
-0.348270, -1.187259, 
-0.350753, -1.184932, 
-0.348962, -1.185514, 
-0.349790, -1.184731, 
-0.350576, -1.185075, 
-0.350477, -1.185112, 
-0.348255, -1.186953, 
-0.351751, -1.183932, 
-0.349699, -1.185194, 
-0.348915, -1.187418, 
-0.349196, -1.185091, 
-0.349131, -1.186193, 
-0.350851, -1.184075, 
-0.350789, -1.184557, 
-0.349262, -1.185950, 
-0.349449, -1.186131, 
-0.349820, -1.185771, 
-0.349825, -1.183858, 
-0.349968, -1.185290, 
-0.350515, -1.184695, 
-0.348292, -1.186563, 
-0.349166, -1.186518, 
-0.350002, -1.185458, 
-0.349466, -1.186278, 
-0.349990, -1.185679, 
-0.349480, -1.185891, 
-0.350444, -1.185134, 
-0.350404, -1.185111, 
-0.349384, -1.185726, 
-0.349383, -1.186336, 
-0.350253, -1.185154, 
-0.352147, -1.182935, 
-0.347837, -1.188879, 
-0.349201, -1.185501, 
-0.349791, -1.185049, 
-0.352372, -1.182056, 
-0.348864, -1.186282, 
-0.351326, -1.184014, 
-0.351435, -1.184743, 
-0.350337, -1.185378, 
-0.350242, -1.185912, 
-0.350127, -1.185736, 
-0.349168, -1.186066, 
-0.349168, -1.186479, 
-0.348213, -1.187091, 
-0.351256, -1.183820, 
-0.350035, -1.185341, 
-0.348265, -1.186372, 
-0.349674, -1.186056, 
-0.351140, -1.184787, 
-0.351339, -1.184079, 
-0.349321, -1.186084, 
-0.349463, -1.185713, 
-0.349014, -1.186311, 
-0.352132, -1.183601, 
-0.347847, -1.187045, 
-0.349687, -1.187060, 
-0.349092, -1.186040, 
-0.348391, -1.186364, 
-0.348934, -1.186038, 
-0.348483, -1.187211, 
-0.348917, -1.186466, 
-0.348255, -1.187424, 
-0.348444, -1.187281, 
-0.350123, -1.185619, 
-0.349987, -1.184889, 
-0.350607, -1.184775, 
-0.350352, -1.185971, 
-0.349647, -1.185933, 
-0.349194, -1.187389, 
-0.349683, -1.186189, 
-0.349379, -1.186596, 
-0.347786, -1.188162, 
-0.349218, -1.185261, 
-0.348285, -1.187280, 
-0.349585, -1.186000, 
-0.350228, -1.185792, 
-0.348486, -1.186343, 
-0.349604, -1.185792, 
-0.349986, -1.185051, 
-0.347844, -1.188705, 
-0.350081, -1.185092, 
-0.350016, -1.185993, 
-0.349523, -1.186161, 
-0.348813, -1.186798, 
-0.350250, -1.185949, 
-0.348089, -1.187979, 
-0.349843, -1.185997, 
-0.349246, -1.185992, 
-0.349171, -1.185899, 
-0.347793, -1.188303, 
-0.350395, -1.185830, 
-0.348189, -1.188161, 
-0.348719, -1.186017, 
-0.350384, -1.185609, 
-0.348788, -1.186419, 
-0.348728, -1.186699, 
-0.349337, -1.186360, 
-0.348703, -1.186610, 
-0.349292, -1.186061, 
-0.347785, -1.187816, 
-0.349474, -1.185622, 
-0.349786, -1.185382, 
-0.350134, -1.185272, 
-0.349556, -1.186361, 
-0.349011, -1.187013, 
-0.348677, -1.187024, 
-0.351880, -1.184757, 
-0.348814, -1.187771, 
-0.349107, -1.186574, 
-0.349257, -1.186724, 
-0.348952, -1.187604, 
-0.349692, -1.186041, 
-0.350541, -1.184274, 
-0.350091, -1.185511, 
-0.349710, -1.186245, 
-0.348138, -1.187342, 
-0.351693, -1.184517, 
-0.351577, -1.184881, 
-0.349873, -1.185854, 
-0.348293, -1.187609, 
-0.349015, -1.186496, 
-0.349014, -1.187068, 
-0.349983, -1.186266, 
-0.348947, -1.186706, 
-0.349282, -1.186088, 
-0.351655, -1.184210, 
-0.350592, -1.184687, 
-0.348316, -1.188021, 
-0.349014, -1.187036, 
-0.348058, -1.187744, 
-0.349426, -1.186159, 
-0.349255, -1.186696, 
-0.350000, -1.186595, 
-0.348952, -1.187760, 
-0.347115, -1.188510, 
-0.348823, -1.187811, 
-0.349244, -1.185902, 
-0.350963, -1.185590, 
-0.348709, -1.187258, 
-0.348853, -1.188046, 
-0.348737, -1.187247, 
-0.349433, -1.187618, 
-0.350597, -1.185180, 
-0.350088, -1.186527, 
-0.347679, -1.188347, 
-0.348855, -1.187101, 
-0.348459, -1.187557, 
-0.349215, -1.186326, 
-0.348472, -1.188058, 
-0.348805, -1.186947, 
-0.349250, -1.186077, 
-0.348655, -1.187147, 
-0.349105, -1.187241, 
-0.348448, -1.187460, 
-0.350898, -1.185001, 
-0.347548, -1.188084, 
-0.348824, -1.187777, 
-0.349039, -1.187878, 
-0.348516, -1.187759, 
-0.348528, -1.187696, 
-0.349492, -1.184996, 
-0.349597, -1.186097, 
-0.349570, -1.186387, 
-0.348267, -1.188366, 
-0.350929, -1.184889, 
-0.348801, -1.187680, 
-0.348474, -1.187614, 
-0.348089, -1.187376, 
-0.348458, -1.187434, 
-0.349324, -1.186202, 
-0.348050, -1.187761, 
-0.348934, -1.186228, 
-0.349003, -1.187443, 
-0.350055, -1.186670, 
-0.349853, -1.185655, 
-0.348788, -1.187465, 
-0.348057, -1.188781, 
-0.348274, -1.187559, 
-0.348516, -1.187912, 
-0.348888, -1.186951, 
-0.349742, -1.186666, 
-0.349004, -1.188093, 
-0.349901, -1.187281, 
-0.347576, -1.189053, 
-0.349438, -1.186917, 
-0.349536, -1.186790, 
-0.348486, -1.187645, 
-0.348700, -1.186966, 
-0.349544, -1.186487, 
-0.349981, -1.186082, 
-0.350127, -1.186677, 
-0.350239, -1.186575, 
-0.350367, -1.185869, 
-0.347520, -1.188347, 
-0.348707, -1.187547, 
-0.349503, -1.187060, 
-0.348358, -1.188539, 
-0.350564, -1.184790, 
-0.347839, -1.188275, 
-0.348594, -1.187901, 
-0.348078, -1.187469, 
-0.348442, -1.187319, 
-0.350597, -1.185306, 
-0.348540, -1.187629, 
-0.349646, -1.186000, 
-0.348760, -1.188130, 
-0.349467, -1.186623, 
-0.349066, -1.186712, 
-0.350362, -1.186166, 
-0.349163, -1.186651, 
-0.346902, -1.188899, 
-0.350991, -1.185611, 
-0.350116, -1.186548, 
-0.350847, -1.185008, 
-0.349981, -1.186459, 
-0.350333, -1.185830, 
-0.347088, -1.189206, 
-0.347315, -1.189130, 
-0.348776, -1.187619, 
-0.349977, -1.186154, 
-0.351432, -1.185099, 
-0.346779, -1.189689, 
